Workbook

Sheet network
A1: cols regulators/rows targets | B1: CIN5 | C1: ROX1 | D1: YAP6
A2: CIN5 | B2: 1 | C2: 0 | D2: 1
A3: ROX1 | B3: 1 | C3: 1 | D3: 1
A4: YAP6 | B4: 0 | C4: 1 | D4: 0

Sheet network_weights
A1: cols regulators/rows targets | B1: CIN5 | C1: ROX1 | D1: YAP6
A2: CIN5 | B2: 1 | C2: 0 | D2: 1
A3: ROX1 | B3: 1 | C3: 1 | D3: 1
A4: YAP6 | B4: 0 | C4: 1 | D4: 0

Sheet network_optimized_weights
A1: cols regulators/rows targets | B1: CIN5 | C1: ROX1 | D1: YAP6
A2: CIN5 | B2: 2 | C2: 0 | D2: 2
A3: ROX1 | B3: -2 | C3: 2 | D3: -2
A4: YAP6 | B4: 0 | C4: -2 | D4: 0

Sheet wt_log2_expression
A1: id | B1: 15 | C1: 15 | D1: 15 | E1: 15 | F1: 30 | G1: 30 | H1: 30 | I1: 30 | J1: 30 | K1: 60 | L1: 60 | M1: 60 | N1: 60 | O1: 90 | P1: 90 | Q1: 90 | R1: 90 | S1: 90 | T1: 120 | U1: 120 | V1: 120 | W1: 120 | X1: 120
A2: CIN5 | B2: -0.1373 | C2: -0.0997 | D2: 1.2386 | E2: 1.3909 | F2: -0.4224 | G2: 0.5461 | H2: 1.0285 | I2: 1.2338 | J2: 2.2159 | K2: 2.1796 | L2: 0.8447 | M2: 2.4687 | N2: 1.4785 | O2: 0.8983 | P2: -2.0208 | Q2: -1.4488 | R2: -0.0172 | S2: 0.5534 | T2: 0.0338 | U2: -0.7984 | V2: -2.1122 | W2: -0.0574 | X2: 1.0625
A3: ROX1 | B3: -2.9222 | C3: -1.0531 | D3: 0.3473 | E3: -0.7899 | F3: -3.2869 | G3: -1.4574 | H3: -1.3991 | I3: 0.1395 | J3: -0.673 | K3: -1.7096 | L3: -0.9084 | M3: -1.1496 | N3: -0.9952 | O3: -0.6175 | P3: 0.8305 | Q3: -1.4071 | R3: 0.875 | S3: -0.8734 | T3: -1.3565 | U3: 0.1318 | V3: -1.0916 | W3: -0.6865 | X3: -0.5658
A4: YAP6 | B4: -0.4424 | C4: -1.2351 | D4: -0.522 | E4: -0.3798 | F4: -0.5739 | G4: -0.7667 | H4: -0.1729 | I4: -0.5803 | J4: -0.2916 | K4: -0.3575 | L4: -0.661 | M4: -0.9416 | N4: -0.8905 | O4: 0.8363 | P4: 0.6981 | Q4: 1.0344 | R4: 1.1493 | S4: 0.7416 | T4: 1.1887 | U4: -0.3081 | V4: 0.8035 | W4: 0.4511 | X4: 0.0464

Sheet wt_log2_optimized_expression
A1: id | B1: 15 | C1: 15 | D1: 15 | E1: 15 | F1: 30 | G1: 30 | H1: 30 | I1: 30 | J1: 30 | K1: 60 | L1: 60 | M1: 60 | N1: 60 | O1: 90 | P1: 90 | Q1: 90 | R1: 90 | S1: 90 | T1: 120 | U1: 120 | V1: 120 | W1: 120 | X1: 120
A2: CIN5 | B2: -0.2746 | C2: -0.1994 | D2: 2.4772 | E2: 2.7818 | F2: -0.8448 | G2: 1.0922 | H2: 2.057 | I2: 2.4676 | J2: 4.4318 | K2: 4.3592 | L2: 1.6894 | M2: 4.9374 | N2: 2.957 | O2: 1.7966 | P2: -4.0416 | Q2: -2.8976 | R2: -0.0344 | S2: 1.1068 | T2: 0.0676 | U2: -1.5968 | V2: -4.2244 | W2: -0.1148 | X2: 2.125
A3: ROX1 | B3: -5.8444 | C3: -2.1062 | D3: 0.6946 | E3: -1.5798 | F3: -6.5738 | G3: -2.9148 | H3: -2.7982 | I3: 0.279 | J3: -1.346 | K3: -3.4192 | L3: -1.8168 | M3: -2.2992 | N3: -1.9904 | O3: -1.235 | P3: 1.661 | Q3: -2.8142 | R3: 1.75 | S3: -1.7468 | T3: -2.713 | U3: 0.2636 | V3: -2.1832 | W3: -1.373 | X3: -1.1316
A4: YAP6 | B4: -0.8848 | C4: -2.4702 | D4: -1.044 | E4: -0.7596 | F4: -1.1478 | G4: -1.5334 | H4: -0.3458 | I4: -1.1606 | J4: -0.5832 | K4: -0.715 | L4: -1.322 | M4: -1.8832 | N4: -1.781 | O4: 1.6726 | P4: 1.3962 | Q4: 2.0688 | R4: 2.2986 | S4: 1.4832 | T4: 2.3774 | U4: -0.6162 | V4: 1.607 | W4: 0.9022 | X4: 0.0928

Sheet wt_sigmas
A1: id | B1: 15 | C1: 15 | D1: 15 | E1: 15 | F1: 30 | G1: 30 | H1: 30 | I1: 30 | J1: 30 | K1: 60 | L1: 60 | M1: 60 | N1: 60 | O1: 90 | P1: 90 | Q1: 90 | R1: 90 | S1: 90 | T1: 120 | U1: 120 | V1: 120 | W1: 120 | X1: 120
A2: CIN5 | B2: =wt_log2_expression!B2/2 -> -0.06865 | C2: =wt_log2_expression!C2/2 -> -0.04985 | D2: =wt_log2_expression!D2/2 -> 0.6193 | E2: =wt_log2_expression!E2/2 -> 0.69545 | F2: =wt_log2_expression!F2/2 -> -0.2112 | G2: =wt_log2_expression!G2/2 -> 0.27305 | H2: =wt_log2_expression!H2/2 -> 0.51425 | I2: =wt_log2_expression!I2/2 -> 0.6169 | ... X2: =wt_log2_expression!X2/2 -> 0.53125
A3: ROX1 | B3: =wt_log2_expression!B3/2 -> -1.4611 | C3: =wt_log2_expression!C3/2 -> -0.52655 | D3: =wt_log2_expression!D3/2 -> 0.17365 | E3: =wt_log2_expression!E3/2 -> -0.39495 | F3: =wt_log2_expression!F3/2 -> -1.64345 | G3: =wt_log2_expression!G3/2 -> -0.7287 | H3: =wt_log2_expression!H3/2 -> -0.69955 | I3: =wt_log2_expression!I3/2 -> 0.06975 | ... X3: =wt_log2_expression!X3/2 -> -0.2829
A4: YAP6 | B4: =wt_log2_expression!B4/2 -> -0.2212 | C4: =wt_log2_expression!C4/2 -> -0.61755 | D4: =wt_log2_expression!D4/2 -> -0.261 | E4: =wt_log2_expression!E4/2 -> -0.1899 | F4: =wt_log2_expression!F4/2 -> -0.28695 | G4: =wt_log2_expression!G4/2 -> -0.38335 | H4: =wt_log2_expression!H4/2 -> -0.08645 | I4: =wt_log2_expression!I4/2 -> -0.29015 | ... X4: =wt_log2_expression!X4/2 -> 0.0232

Sheet production_rates
A1: id | B1: production_rate
A2: CIN5 | B2: 1
A3: ROX1 | B3: 1.2
A4: YAP6 | B4: 1.4

Sheet degradation_rates
A1: id | B1: degradation_rate
A2: CIN5 | B2: 0.5
A3: ROX1 | B3: 0.6
A4: YAP6 | B4: 0.7

Sheet threshold_b
A1: id | B1: threshold_b
A2: CIN5 | B2: 1
A3: ROX1 | B3: 2
A4: YAP6 | B4: 3

Sheet optimization_parameters
A1: optimization_parameter | B1: value
A2: alpha | B2: 0.02
A3: kk_max | B3: 1
A4: MaxIter | B4: 100000000
A5: TolFun | B5: 1e-06
A6: MaxFunEval | B6: 100000000
A7: TolX | B7: 1e-06
A8: production_function | B8: Sigmoid
A9: L_curve | B9: 0
A10: estimate_params | B10: 1
A11: make_graphs | B11: 1
A12: fix_P | B12: 0
A13: fix_b | B13: 0
A14: species | B14: Saccharomyces cerevisiae
A15: taxon_id | B15: 559292
A16: workbookType | B16: grn
A17: expression_timepoints | B17: 15 | C17: 30 | D17: 60 | E17: 90 | F17: 120
A18: Strain | B18: wt
A19: simulation_timepoints | B19: 0 | C19: 5 | D19: 10 | E19: 15 | F19: 20 | G19: 25 | H19: 30 | I19: 35 | J19: 40 | K19: 45 | L19: 50 | M19: 55 | N19: 60 | O19: 65 | P19: 70 | Q19: 75 | R19: 80 | S19: 85 | T19: 90 | U19: 95 | V19: 100 | W19: 105 | X19: 110 | Y19: 115 | Z19: 120

Sheet optimized_production_rates
A1: id | B1: production_rate
A2: CIN5 | B2: 3
A3: ROX1 | B3: 3.6
A4: YAP6 | B4: 4.2

Sheet optimized_threshold_b
A1: id | B1: threshold_b
A2: CIN5 | B2: 4
A3: ROX1
A4: YAP6 | B4: 6

Sheet optimization_diagnostics
A1: Parameter | B1: Value
A2: LSE | B2: 0.70027259
A3: Penalty | B3: 2.5065206
A4: min LSE | B4: 0.49728853
A5: iteration count | B5: 111242
A7: Gene | B7: wt MSE
A8: CIN5 | B8: 0.4482195
A9: ROX1 | B9: 0.3038334
A10: YAP6 | B10: 0.81476764
